# Mensaje que devuelve el servidor (en inglés)	Texto de origen en español (traducido por catalog.tsv)
A discarded product has stock	El producto descartado todavía tiene stock.
A reason is required	Hay que indicar un motivo.
A retained product changed	El producto conservado ha cambiado.
Absence approval not permitted	No tienes permiso para aprobar esta ausencia.
Active employee account required	Hace falta una ficha de empleado activa.
Amounts cannot be negative	Los importes no pueden ser negativos.
An attendance is already open	Ya hay un fichaje abierto.
Attendance identity cannot change	No se puede cambiar el empleado de un fichaje.
Authentication required	Vuelve a iniciar sesión para continuar.
Cancel payments first	Anula primero los pagos.
Cancel the validated absence before replacing it	Anula la ausencia validada antes de sustituirla.
Cancellation reason required	Hay que indicar el motivo de la anulación.
Cancelled absence cannot be reopened	Una ausencia anulada no se puede reabrir.
Correction reason required	Hay que indicar el motivo de la corrección.
Count or stock changed unexpectedly	El recuento o el stock cambiaron mientras tanto. Actualiza y vuelve a intentarlo.
Employee cannot be changed	No se puede cambiar el empleado.
Employee name required	Hay que indicar el nombre del empleado.
Employee not found	Empleado no encontrado.
HR permission required	Hace falta el permiso de Recursos humanos.
Invalid absence period	El periodo de ausencia no es válido.
Invalid clock action	Acción de fichaje no válida.
Invalid contract dates	Las fechas del contrato no son válidas.
Invalid payroll transition	Ese cambio de estado de la nómina no es posible.
Manager permission required	Hace falta ser responsable de este empleado.
No open attendance	No hay ningún fichaje abierto.
Overlapping approved absence	Ya hay una ausencia aprobada en ese periodo.
Overlapping attendance	Este fichaje se solapa con otro.
Overlapping shift	Este turno se solapa con otro.
Payment exceeds remaining net salary	El pago supera el salario neto pendiente.
Payment is immutable	Un pago registrado no se puede modificar.
Payroll identity cannot change	No se puede cambiar el empleado ni el periodo de una nómina.
The previous document must belong to the same employee	El documento anterior debe ser del mismo empleado.
Upload the document first	Sube primero el documento.
Validate payroll first	Valida primero la nómina.
Validated payroll is immutable	Una nómina validada no se puede modificar.
PAYROLL_CHOICE_DATE_REVIEW_REQUIRED	Solicita a RRHH la revisión de una elección fuera del plazo o del mes actual.
PAYROLL_MINIMUM_SALARY_REQUIRED	El sueldo contractual es inferior al mínimo vigente proporcional a la jornada.
PAYROLL_PARAMETERS_REVIEW_REQUIRED	Confirma los parámetros del año antes de calcular.
EC_COMPANY_REQUIRED	Configura la empresa en Ecuador y en USD.
PAYROLL_CONTRACT_REQUIRED	Completa el sueldo y las fechas del contrato en la ficha del empleado.
PAYROLL_EMPLOYEE_CHOICES_REQUIRED	Registra las opciones del empleado y su solicitud escrita.
PAYROLL_WORKED_DAYS_INVALID	Revisa los días trabajados dentro del contrato.
PAYROLL_INVALID_AMOUNT	Revisa los importes. No se admiten valores negativos ni descuentos superiores al ingreso.
PAYROLL_RESERVE_DAYS_REVIEW_REQUIRED	Indica los días con derecho a fondos de reserva en el mes de aniversario.
PAYROLL_RESERVE_DAYS_INVALID	Los días de reserva superan los días trabajados con derecho.
PAYROLL_RECALCULATE_REQUIRED	Los datos cambiaron. Calcula y revisa otra vez antes de validar.
PAYROLL_ALREADY_VALIDATED	La nómina validada conserva sus importes. Abre el rol registrado.
PAYROLL_UTILITIES_WORKFORCE_REVIEW_REQUIRED	Revisa la plantilla completa, incluidos los exempleados del ejercicio.
PAYROLL_UTILITIES_ZERO_FAMILY_REVIEW_REQUIRED	No hay cargas acreditadas. Confirma con Contabilidad el criterio de reparto del 5%.
PAYROLL_UTILITIES_DECLARATION_REQUIRED	La provisión definitiva requiere el ejercicio cerrado y la declaración de renta revisada.
PAYROLL_BANK_DETAILS_REQUIRED	Completa y revisa los datos bancarios de todos los beneficiarios.
PAYROLL_ACCRUAL_MONTHS_REQUIRED	Faltan nóminas validadas en el periodo de acumulación.
PAYROLL_ACCRUAL_PERIOD_OPEN	El periodo de acumulación sigue abierto.
PAYROLL_ACCRUAL_EXTERNAL_REVIEW_REQUIRED	Revisa los décimos de las nóminas externas antes de liquidar.
PAYROLL_ACCRUAL_EMPTY	No hay décimos acumulados pendientes en este periodo.
PAYROLL_ACCRUAL_ALREADY_RELEASED	La nómina financia un décimo ya liquidado. Revisa el beneficio antes de anular.
PAYROLL_NOT_FOUND	El rol no está disponible para esta cuenta.
SIGNATURE_REQUIRED	Firma dentro del recuadro antes de confirmar.
PAYROLL_EMPLOYEE_SIGNATURE_REQUIRED	Sólo el empleado puede firmar su rol validado.
